idMouvement;CodeInscrit;DateSortie;CodeJeu;DateRetour;Etat;CommentaireSortie;Rendu;CommentaireRetour;Retard;Prolonge;QteProlonge;idForfait;NumForfait;Points;PointsReport;NumForfaitReport;TypeForfReport
40061;A307;06/09/2025;1419;01/10/2025;;;Vrai;;Vrai;Faux;0;1;;1;0;;
40063;A307;06/09/2025;1295;01/10/2025;;;Vrai;;Vrai;Faux;0;1;;1;0;;
40065;A547;10/09/2025;415;;;;Faux;;Faux;Faux;0;1;;1;0;;
40067;A547;10/09/2025;965;24/09/2025;;;Vrai;;Faux;Faux;0;1;;1;0;;
40069;A547;10/09/2025;puzzle;;;;Faux;;Faux;Faux;0;1;;1;0;;
40071;A547;10/09/2025;473;24/09/2025;;;Vrai;;Faux;Faux;0;1;;1;0;;
40073;A547;10/09/2025;puzzle;;;;Faux;;Faux;Faux;0;1;;1;0;;
40075;A452;10/09/2025;1049;01/10/2025;;;Vrai;;Faux;Faux;0;1;;1;0;;
40077;A452;10/09/2025;1408;01/10/2025;;;Vrai;;Faux;Faux;0;1;;1;0;;
40079;A452;10/09/2025;1267;01/10/2025;;;Vrai;;Faux;Faux;0;1;;1;0;;
40081;A454;10/09/2025;380;;;;Faux;;Faux;Faux;0;1;;1;0;;
40083;A454;10/09/2025;402;;;;Faux;;Faux;Faux;0;1;;1;0;;
40085;A454;10/09/2025;puzzle;;;;Faux;;Faux;Faux;0;1;;1;0;;
40087;A454;10/09/2025;puzzle;;;;Faux;;Faux;Faux;0;1;;1;0;;
40089;A484;10/09/2025;592;26/09/2025;;;Vrai;;Faux;Faux;0;1;;1;0;;
40091;A484;10/09/2025;953;26/09/2025;;;Vrai;;Faux;Faux;0;1;;1;0;;
40093;A484;10/09/2025;puzzle;26/09/2025;;;Vrai;;Faux;Faux;0;1;;1;0;;
40095;A484;10/09/2025;1271;26/09/2025;;;Vrai;;Faux;Faux;0;1;;1;0;;
40097;A437;10/09/2025;379;08/10/2025;;;Vrai;;Vrai;Faux;0;1;;1;0;;
40099;A437;10/09/2025;815;08/10/2025;;;Vrai;;Vrai;Faux;0;1;;1;0;;
40101;A437;10/09/2025;878;08/10/2025;;;Vrai;;Vrai;Faux;0;1;;1;0;;
40103;A453;10/09/2025;1036;19/09/2025;;;Vrai;;Faux;Faux;0;1;;1;0;;
40105;A453;10/09/2025;475;19/09/2025;;;Vrai;;Faux;Faux;0;1;;1;0;;
40107;A453;10/09/2025;1046;19/09/2025;;;Vrai;;Faux;Faux;0;1;;1;0;;
40109;A453;10/09/2025;puzzle;19/09/2025;;;Vrai;;Faux;Faux;0;1;;1;0;;
40111;A453;10/09/2025;puzzle;01/10/2025;;;Vrai;;Faux;Faux;0;1;;1;0;;
40113;A198;10/09/2025;1355;01/10/2025;;;Vrai;;Faux;Faux;0;1;;1;0;;
40115;A198;10/09/2025;1063;01/10/2025;;;Vrai;;Faux;Faux;0;1;;1;0;;
40117;A198;10/09/2025;1137;01/10/2025;;;Vrai;;Faux;Faux;0;1;;1;0;;
40119;A518;10/09/2025;1442;08/10/2025;;;Vrai;;Faux;Vrai;7;1;;1;0;;
40121;A518;10/09/2025;1329;08/10/2025;;;Vrai;;Faux;Vrai;7;1;;1;0;;
40123;A518;10/09/2025;1373;08/10/2025;;;Vrai;;Faux;Vrai;7;1;;1;0;;
40125;A380;10/09/2025;909;17/09/2025;;;Vrai;;Faux;Faux;0;1;;1;0;;
40127;A380;10/09/2025;626;17/09/2025;;;Vrai;;Faux;Faux;0;1;;1;0;;
40129;A380;10/09/2025;346;17/09/2025;;;Vrai;;Faux;Faux;0;1;;1;0;;
40131;A380;10/09/2025;puzzle;17/09/2025;;;Vrai;;Faux;Faux;0;1;;1;0;;
40133;A559;10/09/2025;1005;01/10/2025;;;Vrai;;Faux;Faux;0;1;;1;0;;
40135;A559;10/09/2025;822;01/10/2025;;;Vrai;;Faux;Faux;0;1;;1;0;;
40137;A559;10/09/2025;539;01/10/2025;;;Vrai;;Faux;Faux;0;1;;1;0;;
40139;A565;10/09/2025;289;01/10/2025;;;Vrai;;Faux;Faux;0;1;;1;0;;
40141;A565;10/09/2025;290;01/10/2025;;;Vrai;;Faux;Faux;0;1;;1;0;;
40143;A565;10/09/2025;241;01/10/2025;;;Vrai;;Faux;Faux;0;1;;1;0;;
40145;A565;10/09/2025;puzzle;01/10/2025;;;Vrai;;Faux;Faux;0;1;;1;0;;
40147;A537;10/09/2025;904;01/10/2025;;;Vrai;;Faux;Faux;0;1;;1;0;;
40149;A537;10/09/2025;1002;01/10/2025;;;Vrai;;Faux;Faux;0;1;;1;0;;
40151;A537;10/09/2025;958;01/10/2025;;;Vrai;;Faux;Faux;0;1;;1;0;;
40153;A563;10/09/2025;1297;01/10/2025;;;Vrai;;Faux;Faux;0;1;;1;0;;
40155;A563;10/09/2025;1421;01/10/2025;;;Vrai;;Faux;Faux;0;1;;1;0;;
40159;A563;10/09/2025;998;01/10/2025;;;Vrai;;Faux;Faux;0;1;;1;0;;
40161;A202;10/09/2025;1241;24/09/2025;;;Vrai;;Faux;Faux;0;1;;1;0;;
40163;A202;10/09/2025;1423;24/09/2025;;;Vrai;;Faux;Faux;0;1;;1;0;;
40165;A202;10/09/2025;1073;24/09/2025;;;Vrai;;Faux;Faux;0;1;;1;0;;
40167;A449;10/09/2025;952;01/10/2025;;;Vrai;;Faux;Faux;0;1;;1;0;;
40169;A449;10/09/2025;1018;01/10/2025;;;Vrai;;Faux;Faux;0;1;;1;0;;
40171;A449;10/09/2025;1133;01/10/2025;;;Vrai;;Faux;Faux;0;1;;1;0;;
40173;A429;10/09/2025;1009;01/10/2025;;;Vrai;;Faux;Faux;0;1;;1;0;;
40175;A429;10/09/2025;609;01/10/2025;;;Vrai;;Faux;Faux;0;1;;1;0;;
40179;A429;10/09/2025;71;01/10/2025;;;Vrai;;Faux;Faux;0;1;;1;0;;
40181;A564;10/09/2025;839;01/10/2025;;;Vrai;;Faux;Faux;0;1;;1;0;;
40183;A564;10/09/2025;367;01/10/2025;;;Vrai;;Faux;Faux;0;1;;1;0;;
40185;A564;10/09/2025;744;01/10/2025;;;Vrai;;Faux;Faux;0;1;;1;0;;
40187;A558;10/09/2025;1265;01/10/2025;;;Vrai;;Faux;Faux;0;1;;1;0;;
40189;A558;10/09/2025;511;01/10/2025;;;Vrai;;Faux;Faux;0;1;;1;0;;
40191;A558;10/09/2025;900;01/10/2025;;;Vrai;;Faux;Faux;0;1;;1;0;;
40193;A558;10/09/2025;puzzle;01/10/2025;;;Vrai;;Faux;Faux;0;1;;1;0;;
40195;A461;10/09/2025;1177;24/09/2025;;;Vrai;;Faux;Faux;0;1;;1;0;;
40197;A461;10/09/2025;40;24/09/2025;;;Vrai;;Faux;Faux;0;1;;1;0;;
40199;A461;10/09/2025;637;24/09/2025;;;Vrai;;Faux;Faux;0;1;;1;0;;
40201;A425;10/09/2025;859;26/09/2025;;;Vrai;;Faux;Faux;0;1;;1;0;;
40203;A425;10/09/2025;750;26/09/2025;;;Vrai;;Faux;Faux;0;1;;1;0;;
40205;A425;10/09/2025;1246;12/09/2025;;;Vrai;;Faux;Faux;0;1;;1;0;;
40207;A404;10/09/2025;215;01/10/2025;;;Vrai;;Faux;Faux;0;1;;1;0;;
40209;A404;10/09/2025;666;01/10/2025;;;Vrai;;Faux;Faux;0;1;;1;0;;
40211;A404;10/09/2025;20;01/10/2025;;;Vrai;;Faux;Faux;0;1;;1;0;;
40215;A467;10/09/2025;796;17/09/2025;;;Vrai;;Faux;Faux;0;1;;1;0;;
40217;A467;10/09/2025;416;17/09/2025;;;Vrai;;Faux;Faux;0;1;;1;0;;
40219;A467;10/09/2025;162;17/09/2025;;;Vrai;;Faux;Faux;0;1;;1;0;;
40221;A467;10/09/2025;puzzle;17/09/2025;;;Vrai;;Faux;Faux;0;1;;1;0;;
40223;A467;10/09/2025;puzzle;17/09/2025;;;Vrai;;Faux;Faux;0;1;;1;0;;
40225;A398;10/09/2025;1062;03/10/2025;;;Vrai;;Vrai;Faux;0;1;;1;0;;
40227;A398;10/09/2025;610;03/10/2025;;;Vrai;;Vrai;Faux;0;1;;1;0;;
40229;A398;10/09/2025;981;03/10/2025;;;Vrai;;Vrai;Faux;0;1;;1;0;;
40231;A313;10/09/2025;1356;10/10/2025;;;Vrai;;Vrai;Faux;0;1;;1;0;;
40233;A313;10/09/2025;206;10/10/2025;;;Vrai;;Vrai;Faux;0;1;;1;0;;
40235;A313;10/09/2025;1390;26/09/2025;;;Vrai;;Faux;Faux;0;1;;1;0;;
40237;A234;10/09/2025;636;01/10/2025;;;Vrai;;Faux;Faux;0;1;;1;0;;
40239;A234;10/09/2025;898;01/10/2025;;;Vrai;;Faux;Faux;0;1;;1;0;;
40241;A234;10/09/2025;920;01/10/2025;;;Vrai;;Faux;Faux;0;1;;1;0;;
40243;A234;10/09/2025;425;01/10/2025;;;Vrai;;Faux;Faux;0;1;;1;0;;
40245;A234;10/09/2025;1416;01/10/2025;;;Vrai;;Faux;Faux;0;1;;1;0;;
40247;A273;10/09/2025;747;17/09/2025;;;Vrai;;Faux;Faux;0;1;;1;0;;
40249;A273;10/09/2025;756;24/09/2025;;;Vrai;;Faux;Faux;0;1;;1;0;;
40251;A273;10/09/2025;751;05/10/2025;;;Vrai;;Vrai;Faux;0;1;;1;0;;
40253;A072;10/09/2025;807;15/10/2025;;;Vrai;;Vrai;Faux;0;1;;1;0;;
40255;A072;10/09/2025;1298;15/10/2025;;;Vrai;;Vrai;Faux;0;1;;1;0;;
40257;A193;10/09/2025;1389;01/10/2025;;;Vrai;;Faux;Vrai;7;1;;1;0;;
40259;A193;10/09/2025;244;17/09/2025;;;Vrai;;Faux;Faux;0;1;;1;0;;
40261;A435;12/09/2025;258;01/10/2025;;;Vrai;;Faux;Faux;0;1;;1;0;;
40263;A435;12/09/2025;569;01/10/2025;;;Vrai;;Faux;Faux;0;1;;1;0;;
40265;A435;12/09/2025;912;01/10/2025;;;Vrai;;Faux;Faux;0;1;;1;0;;
40267;A425;12/09/2025;828;26/09/2025;;;Vrai;;Faux;Faux;0;1;;1;0;;
40269;A203;12/09/2025;1011;17/09/2025;;;Vrai;;Faux;Faux;0;1;;1;0;;
40271;A203;12/09/2025;787;17/09/2025;;;Vrai;;Faux;Faux;0;1;;1;0;;
40273;A203;12/09/2025;1429;17/09/2025;;;Vrai;;Faux;Faux;0;1;;1;0;;
40275;A468;12/09/2025;735;19/09/2025;;;Vrai;;Faux;Faux;0;1;;1;0;;
40277;A468;12/09/2025;1182;19/09/2025;;;Vrai;;Faux;Faux;0;1;;1;0;;
40279;A468;12/09/2025;880;19/09/2025;;;Vrai;;Faux;Faux;0;1;;1;0;;
40281;A084;12/09/2025;1117;03/10/2025;;;Vrai;;Faux;Faux;0;1;;1;0;;
40283;A084;12/09/2025;1257;03/10/2025;;;Vrai;;Faux;Faux;0;1;;1;0;;
40285;A084;12/09/2025;974;03/10/2025;;;Vrai;;Faux;Faux;0;1;;1;0;;
40287;A159;12/09/2025;1167;01/10/2025;;;Vrai;;Faux;Faux;0;1;;1;0;;
40289;A159;12/09/2025;387;01/10/2025;;;Vrai;;Faux;Faux;0;1;;1;0;;
40291;A159;12/09/2025;1435;17/10/2025;;;Vrai;;Vrai;Faux;0;1;;1;0;;
40293;A159;12/09/2025;372;;;;Faux;;Faux;Faux;0;1;;1;0;;
40295;A408;12/09/2025;605;;;;Faux;;Faux;Faux;0;1;;1;0;;
40297;A408;12/09/2025;575;;;;Faux;;Faux;Faux;0;1;;1;0;;
40299;A408;12/09/2025;707;;;;Faux;;Faux;Faux;0;1;;1;0;;
40301;A408;12/09/2025;puzzle;;;;Faux;;Faux;Faux;0;1;;1;0;;
40303;A263;12/09/2025;1351;08/10/2025;;;Vrai;;Vrai;Faux;0;1;;1;0;;
40305;A263;12/09/2025;58;08/10/2025;;;Vrai;;Vrai;Faux;0;1;;1;0;;
40307;A263;12/09/2025;1095;08/10/2025;;;Vrai;;Vrai;Faux;0;1;;1;0;;
40309;A566;12/09/2025;1368;03/10/2025;;;Vrai;;Faux;Faux;0;1;;1;0;;
40311;A566;12/09/2025;1034;03/10/2025;;;Vrai;;Faux;Faux;0;1;;1;0;;
40313;A566;12/09/2025;827;03/10/2025;;;Vrai;;Faux;Faux;0;1;;1;0;;
40315;A262;12/09/2025;1322;03/10/2025;;;Vrai;;Faux;Faux;0;1;;1;0;;
40317;A262;12/09/2025;1328;03/10/2025;;;Vrai;;Faux;Faux;0;1;;1;0;;
40319;A262;12/09/2025;835;03/10/2025;;;Vrai;;Faux;Faux;0;1;;1;0;;
40321;A540;12/09/2025;1349;03/10/2025;;;Vrai;;Faux;Faux;0;1;;1;0;;
40323;A540;12/09/2025;830;03/10/2025;;;Vrai;;Faux;Faux;0;1;;1;0;;
40325;A540;12/09/2025;1371;03/10/2025;;;Vrai;;Faux;Faux;0;1;;1;0;;
40327;A530;12/09/2025;1444;;;;Faux;;Faux;Faux;0;1;;1;0;;
40329;A530;12/09/2025;503;;;;Faux;;Faux;Faux;0;1;;1;0;;
40331;A530;12/09/2025;1396;;;;Faux;;Faux;Faux;0;1;;1;0;;
40333;A497;12/09/2025;948;12/09/2025;;;Vrai;;Faux;Faux;0;1;;1;0;;
40335;A497;12/09/2025;1447;10/10/2025;;;Vrai;;Vrai;Faux;0;1;;1;0;;
40337;A497;12/09/2025;1335;10/10/2025;;;Vrai;;Vrai;Faux;0;1;;1;0;;
40339;A497;12/09/2025;1366;10/10/2025;;;Vrai;;Vrai;Faux;0;1;;1;0;;
40341;A196;17/09/2025;664;10/10/2025;;;Vrai;;Vrai;Faux;0;1;;1;0;;
40343;A196;17/09/2025;216;10/10/2025;;;Vrai;;Vrai;Faux;0;1;;1;0;;
40345;A196;17/09/2025;995;10/10/2025;;;Vrai;;Vrai;Faux;0;1;;1;0;;
40347;A400;17/09/2025;1173;08/10/2025;;;Vrai;;Faux;Faux;0;1;;1;0;;
40349;A400;17/09/2025;207;08/10/2025;;;Vrai;;Faux;Faux;0;1;;1;0;;
40351;A400;17/09/2025;355;08/10/2025;;;Vrai;;Faux;Faux;0;1;;1;0;;
40353;A400;17/09/2025;puzzle;08/10/2025;;;Vrai;;Faux;Faux;0;1;;1;0;;
40355;A400;17/09/2025;puzzle;08/10/2025;;;Vrai;;Faux;Faux;0;1;;1;0;;
40357;A380;17/09/2025;430;01/10/2025;;;Vrai;;Faux;Faux;0;1;;1;0;;
40359;A380;17/09/2025;852;03/10/2025;;;Vrai;;Faux;Faux;0;1;;1;0;;
40361;A380;17/09/2025;puzzle;01/10/2025;;;Vrai;;Faux;Faux;0;1;;1;0;;
40363;A380;17/09/2025;puzzle;01/10/2025;;;Vrai;;Faux;Faux;0;1;;1;0;;
40365;A384;17/09/2025;1189;15/10/2025;;;Vrai;;Vrai;Faux;0;1;;1;0;;
40367;A384;17/09/2025;1264;15/10/2025;;;Vrai;;Vrai;Faux;0;1;;1;0;;
40369;A384;17/09/2025;836;15/10/2025;;;Vrai;;Vrai;Faux;0;1;;1;0;;
40371;A384;17/09/2025;puzzle;15/10/2025;;;Vrai;;Vrai;Faux;0;1;;1;0;;
40373;A384;17/09/2025;puzzle;;;;Faux;;Faux;Faux;0;1;;1;0;;
40375;A246;17/09/2025;1031;15/10/2025;;;Vrai;;Vrai;Faux;0;1;;1;0;;
40377;A246;17/09/2025;315;15/10/2025;;;Vrai;;Vrai;Faux;0;1;;1;0;;
40379;A246;17/09/2025;29;15/10/2025;;;Vrai;;Vrai;Faux;0;1;;1;0;;
40381;A246;17/09/2025;puzzle;15/10/2025;;;Vrai;;Vrai;Faux;0;1;;1;0;;
40383;A246;17/09/2025;puzzle;;;;Faux;;Faux;Faux;0;1;;1;0;;
40385;A514;17/09/2025;853;15/10/2025;;;Vrai;;Vrai;Faux;0;1;;1;0;;
40387;A514;17/09/2025;466;15/10/2025;;;Vrai;;Vrai;Faux;0;1;;1;0;;
40389;A514;17/09/2025;125;15/10/2025;;;Vrai;;Vrai;Faux;0;1;;1;0;;
40391;A514;17/09/2025;puzzle;15/10/2025;;;Vrai;;Vrai;Faux;0;1;;1;0;;
40393;A467;17/09/2025;1232;08/10/2025;;;Vrai;;Faux;Faux;0;1;;1;0;;
40395;A467;17/09/2025;382;08/10/2025;;;Vrai;;Faux;Faux;0;1;;1;0;;
40397;A467;17/09/2025;1052;08/10/2025;;;Vrai;;Faux;Faux;0;1;;1;0;;
40399;A467;17/09/2025;puzzle;08/10/2025;;;Vrai;;Faux;Faux;0;1;;1;0;;
40401;A467;17/09/2025;puzzle;08/10/2025;;;Vrai;;Faux;Faux;0;1;;1;0;;
40403;A473;17/09/2025;911;;;;Faux;;Faux;Faux;0;1;;1;0;;
40405;A473;17/09/2025;1246;;;;Faux;;Faux;Faux;0;1;;1;0;;
40407;A473;17/09/2025;181;;;;Faux;;Faux;Faux;0;1;;1;0;;
40409;A473;17/09/2025;1393;;;;Faux;;Faux;Faux;0;1;;1;0;;
40411;A273;17/09/2025;378;24/09/2025;;;Vrai;;Faux;Faux;0;1;;1;0;;
40413;A203;17/09/2025;1141;01/10/2025;;;Vrai;;Faux;Faux;0;1;;1;0;;
40415;A203;17/09/2025;1441;01/10/2025;;;Vrai;;Faux;Faux;0;1;;1;0;;
40417;A203;17/09/2025;1417;03/10/2025;;;Vrai;;Faux;Faux;0;1;;1;0;;
40419;A194;19/09/2025;1369;10/10/2025;;;Vrai;;Faux;Faux;0;1;;1;0;;
40421;A194;19/09/2025;813;10/10/2025;;;Vrai;;Faux;Faux;0;1;;1;0;;
40423;A194;19/09/2025;914;10/10/2025;;;Vrai;;Faux;Faux;0;1;;1;0;;
40427;A541;19/09/2025;969;08/10/2025;;;Vrai;;Faux;Faux;0;1;;1;0;;
40429;A541;19/09/2025;528;08/10/2025;;;Vrai;;Faux;Faux;0;1;;1;0;;
40435;A541;19/09/2025;214;08/10/2025;;;Vrai;;Faux;Faux;0;1;;1;0;;
40437;A560;19/09/2025;1411;08/10/2025;;;Vrai;;Faux;Faux;0;1;;1;0;;
40439;A560;19/09/2025;1217;08/10/2025;;;Vrai;;Faux;Faux;0;1;;1;0;;
40441;A560;19/09/2025;261;08/10/2025;;;Vrai;;Faux;Faux;0;1;;1;0;;
40445;A154;19/09/2025;1051;;;;Faux;;Faux;Faux;0;1;;1;0;;
40447;A154;19/09/2025;1426;;;;Faux;;Faux;Faux;0;1;;1;0;;
40449;A154;19/09/2025;1440;;;;Faux;;Faux;Faux;0;1;;1;0;;
40451;A285;19/09/2025;475;10/10/2025;;;Vrai;;Faux;Faux;0;1;;1;0;;
40453;A285;19/09/2025;786;10/10/2025;;;Vrai;;Faux;Faux;0;1;;1;0;;
40455;A285;19/09/2025;166;10/10/2025;;;Vrai;;Faux;Faux;0;1;;1;0;;
40457;A468;19/09/2025;212;;;;Faux;;Faux;Vrai;20;1;;1;0;;
40459;A468;19/09/2025;1025;15/10/2025;;;Vrai;;Vrai;Faux;0;1;;1;0;;
40461;A468;19/09/2025;1392;15/10/2025;;;Vrai;;Vrai;Faux;0;1;;1;0;;
40463;A573;19/09/2025;1439;10/10/2025;;;Vrai;;Faux;Faux;0;1;;1;0;;
40465;A573;19/09/2025;383;17/10/2025;;;Vrai;;Faux;Vrai;8;1;;1;0;;
40467;A573;19/09/2025;280;10/10/2025;;;Vrai;;Faux;Faux;0;1;;1;0;;
40469;A393;19/09/2025;1365;;;;Faux;;Faux;Faux;0;1;;1;0;;
40471;A393;19/09/2025;1064;;;;Faux;;Faux;Faux;0;1;;1;0;;
40473;A393;19/09/2025;1374;;;;Faux;;Faux;Faux;0;1;;1;0;;
40475;A453;19/09/2025;puzzle;01/10/2025;;;Vrai;;Faux;Faux;0;1;;1;0;;
40477;A453;19/09/2025;983;01/10/2025;;;Vrai;;Faux;Faux;0;1;;1;0;;
40479;A453;19/09/2025;356;01/10/2025;;;Vrai;;Faux;Faux;0;1;;1;0;;
40481;A453;19/09/2025;1235;01/10/2025;;;Vrai;;Faux;Faux;0;1;;1;0;;
40483;A547;24/09/2025;659;;;;Faux;;Faux;Faux;0;1;;1;0;;
40485;A547;24/09/2025;1341;;;;Faux;;Faux;Faux;0;1;;1;0;;
40487;A436;24/09/2025;1224;08/10/2025;;;Vrai;;Faux;Faux;0;1;;1;0;;
40489;A436;24/09/2025;1196;08/10/2025;;;Vrai;;Faux;Faux;0;1;;1;0;;
40491;A436;24/09/2025;902;08/10/2025;;;Vrai;;Faux;Faux;0;1;;1;0;;
40493;A512;24/09/2025;puzzle;;;;Faux;;Faux;Faux;0;1;;1;0;;
40495;A512;24/09/2025;1139;;;;Faux;;Faux;Faux;0;1;;1;0;;
40497;A512;24/09/2025;561;;;;Faux;;Faux;Faux;0;1;;1;0;;
40499;A512;24/09/2025;697;;;;Faux;;Faux;Faux;0;1;;1;0;;
40501;A520;24/09/2025;1077;17/10/2025;;;Vrai;;Vrai;Faux;0;1;;1;0;;
40503;A520;24/09/2025;99;17/10/2025;;;Vrai;;Vrai;Faux;0;1;;1;0;;
40505;A520;24/09/2025;puzzle;17/10/2025;;;Vrai;;Vrai;Faux;0;1;;1;0;;
40507;A390;24/09/2025;509;17/10/2025;;;Vrai;;Vrai;Faux;0;1;;1;0;;
40509;A390;24/09/2025;puzzle;17/10/2025;;;Vrai;;Vrai;Faux;0;1;;1;0;;
40511;A405;24/09/2025;540;;;;Faux;;Faux;Faux;0;1;;1;0;;
40513;A405;24/09/2025;940;;;;Faux;;Faux;Faux;0;1;;1;0;;
40515;A405;24/09/2025;163;;;;Faux;;Faux;Faux;0;1;;1;0;;
40517;A521;24/09/2025;456;15/10/2025;;;Vrai;;Faux;Faux;0;1;;1;0;;
40519;A521;24/09/2025;161;15/10/2025;;;Vrai;;Faux;Faux;0;1;;1;0;;
40521;A521;24/09/2025;1218;15/10/2025;;;Vrai;;Faux;Faux;0;1;;1;0;;
40523;A521;24/09/2025;puzzle;15/10/2025;;;Vrai;;Faux;Faux;0;1;;1;0;;
40525;A521;24/09/2025;puzzle;15/10/2025;;;Vrai;;Faux;Faux;0;1;;1;0;;
40527;A527;24/09/2025;563;08/10/2025;;;Vrai;;Faux;Faux;0;1;;1;0;;
40529;A527;24/09/2025;9;08/10/2025;;;Vrai;;Faux;Faux;0;1;;1;0;;
40531;A527;24/09/2025;662;08/10/2025;;;Vrai;;Faux;Faux;0;1;;1;0;;
40533;A461;24/09/2025;1191;15/10/2025;;;Vrai;;Faux;Faux;0;1;;1;0;;
40535;A461;24/09/2025;1066;15/10/2025;;;Vrai;;Faux;Faux;0;1;;1;0;;
40537;A461;24/09/2025;1258;15/10/2025;;;Vrai;;Faux;Faux;0;1;;1;0;;
40541;A202;24/09/2025;1262;08/10/2025;;;Vrai;;Faux;Faux;0;1;;1;0;;
40543;A202;24/09/2025;1192;08/10/2025;;;Vrai;;Faux;Faux;0;1;;1;0;;
40545;A202;24/09/2025;1305;08/10/2025;;;Vrai;;Faux;Faux;0;1;;1;0;;
40547;A466;24/09/2025;puzzle;;;;Faux;;Faux;Faux;0;1;;1;0;;
40549;A466;24/09/2025;1241;15/10/2025;;;Vrai;;Faux;Faux;0;1;;1;0;;
40551;A466;24/09/2025;1336;15/10/2025;;;Vrai;;Faux;Faux;0;1;;1;0;;
40553;A466;24/09/2025;637;15/10/2025;;;Vrai;;Faux;Faux;0;1;;1;0;;
40555;A406;24/09/2025;973;;;;Faux;;Faux;Faux;0;1;;1;0;;
40557;A406;24/09/2025;820;;;;Faux;;Faux;Faux;0;1;;1;0;;
40559;A406;24/09/2025;119;;;;Faux;;Faux;Faux;0;1;;1;0;;
40561;A391;24/09/2025;611;15/10/2025;;;Vrai;;Faux;Faux;0;1;;1;0;;
40563;A391;24/09/2025;238;15/10/2025;;;Vrai;;Faux;Faux;0;1;;1;0;;
40565;A391;24/09/2025;389;15/10/2025;;;Vrai;;Faux;Faux;0;1;;1;0;;
40567;A391;24/09/2025;puzzle;15/10/2025;;;Vrai;;Faux;Faux;0;1;;1;0;;
40569;A297;24/09/2025;444;08/10/2025;;;Vrai;;Faux;Faux;0;1;;1;0;;
40571;A297;24/09/2025;1182;08/10/2025;;;Vrai;;Faux;Faux;0;1;;1;0;;
40573;A297;24/09/2025;1293;08/10/2025;;;Vrai;;Faux;Faux;0;1;;1;0;;
40575;A574;24/09/2025;628;17/10/2025;;;Vrai;;Faux;Vrai;7;1;;1;0;;
40577;A574;24/09/2025;410;08/10/2025;;;Vrai;;Faux;Faux;0;1;;1;0;;
40579;A574;24/09/2025;843;08/10/2025;;;Vrai;;Faux;Faux;0;1;;1;0;;
40583;A273;24/09/2025;975;05/10/2025;;;Vrai;;Faux;Faux;0;1;;1;0;;
40585;A273;24/09/2025;766;;;;Faux;;Faux;Faux;0;1;;1;0;;
40587;A572;24/09/2025;757;15/10/2025;;;Vrai;;Faux;Faux;0;1;;1;0;;
40589;A572;24/09/2025;418;08/10/2025;;;Vrai;;Faux;Faux;0;1;;1;0;;
40591;A313;26/09/2025;523;26/09/2025;;;Vrai;;Faux;Faux;0;1;;1;0;;
40595;A425;26/09/2025;1198;10/10/2025;;;Vrai;;Faux;Faux;0;1;;1;0;;
40597;A425;26/09/2025;1429;10/10/2025;;;Vrai;;Faux;Faux;0;1;;1;0;;
40599;A425;26/09/2025;1245;10/10/2025;;;Vrai;;Faux;Faux;0;1;;1;0;;
40603;A484;26/09/2025;454;10/10/2025;;;Vrai;;Faux;Faux;0;1;;1;0;;
40605;A484;26/09/2025;1445;10/10/2025;;;Vrai;;Faux;Faux;0;1;;1;0;;
40607;A484;26/09/2025;295;10/10/2025;;;Vrai;;Faux;Faux;0;1;;1;0;;
40609;A551;26/09/2025;774;17/10/2025;;;Vrai;;Faux;Faux;0;1;;1;0;;
40611;A551;26/09/2025;483;17/10/2025;;;Vrai;;Faux;Faux;0;1;;1;0;;
40613;A165;26/09/2025;1339;;;;Faux;;Faux;Faux;0;1;;1;0;;
40615;A165;26/09/2025;759;17/10/2025;;;Vrai;;Faux;Faux;0;1;;1;0;;
40617;A165;26/09/2025;979;17/10/2025;;;Vrai;;Faux;Faux;0;1;;1;0;;
40621;A313;26/09/2025;247;;;;Faux;;Faux;Faux;0;1;;1;0;;
40623;A576;29/09/2025;948;15/10/2025;;;Vrai;;Faux;Faux;0;1;;1;0;;
40625;A576;29/09/2025;1294;03/10/2025;;;Vrai;;Faux;Faux;0;1;;1;0;;
40627;A575;;572;29/09/2025;;;Vrai;;Faux;Faux;0;1;;1;0;;
40629;A575;29/09/2025;924;08/10/2025;;;Vrai;;Faux;Faux;0;1;;1;0;;
40631;A575;29/09/2025;897;08/10/2025;;;Vrai;;Faux;Faux;0;1;;1;0;;
40635;A575;29/09/2025;572;08/10/2025;;;Vrai;;Faux;Faux;0;1;;1;0;;
40637;A452;01/10/2025;404;;;;Faux;;Faux;Faux;0;1;;1;0;;
40639;A452;01/10/2025;1415;;;;Faux;;Faux;Faux;0;1;;1;0;;
40641;A452;01/10/2025;473;;;;Faux;;Faux;Faux;0;1;;1;0;;
40643;A485;01/10/2025;761;15/10/2025;;;Vrai;;Faux;Faux;0;1;;1;0;;
40645;A485;01/10/2025;868;15/10/2025;;;Vrai;;Faux;Faux;0;1;;1;0;;
40647;A485;01/10/2025;1201;15/10/2025;;;Vrai;;Faux;Faux;0;1;;1;0;;
40649;A452;01/10/2025;puzzle;;;;Faux;;Faux;Faux;0;1;;1;0;;
40653;A563;01/10/2025;1404;;;;Faux;;Faux;Faux;0;1;;1;0;;
40655;A563;01/10/2025;986;;;;Faux;;Faux;Faux;0;1;;1;0;;
40657;A563;01/10/2025;358;;;;Faux;;Faux;Faux;0;1;;1;0;;
40659;A563;01/10/2025;puzzle;;;;Faux;;Faux;Faux;0;1;;1;0;;
40661;A563;01/10/2025;puzzle;;;;Faux;;Faux;Faux;0;1;;1;0;;
40663;A563;01/10/2025;puzzle;;;;Faux;;Faux;Faux;0;1;;1;0;;
40665;A198;01/10/2025;1425;;;;Faux;;Faux;Faux;0;1;;1;0;;
40667;A198;01/10/2025;391;;;;Faux;;Faux;Faux;0;1;;1;0;;
40669;A198;01/10/2025;1454;;;;Faux;;Faux;Faux;0;1;;1;0;;
40671;A559;01/10/2025;1271;15/10/2025;;;Vrai;;Faux;Faux;0;1;;1;0;;
40673;A559;01/10/2025;592;15/10/2025;;;Vrai;;Faux;Faux;0;1;;1;0;;
40675;A559;01/10/2025;625;15/10/2025;;;Vrai;;Faux;Faux;0;1;;1;0;;
40677;A559;01/10/2025;puzzle;15/10/2025;;;Vrai;;Faux;Faux;0;1;;1;0;;
40679;A380;01/10/2025;725;03/10/2025;;;Vrai;;Faux;Faux;0;1;;1;0;;
40681;A380;01/10/2025;922;17/10/2025;;;Vrai;;Faux;Faux;0;1;;1;0;;
40683;A380;01/10/2025;puzzle;;;;Faux;;Faux;Faux;0;1;;1;0;;
40687;A453;01/10/2025;puzzle;08/10/2025;;;Vrai;;Faux;Faux;0;1;;1;0;;
40691;A565;01/10/2025;1385;10/10/2025;;;Vrai;;Faux;Faux;0;1;;1;0;;
40693;A565;01/10/2025;1325;10/10/2025;;;Vrai;;Faux;Faux;0;1;;1;0;;
40695;A565;01/10/2025;202;;;;Faux;;Faux;Faux;0;1;;1;0;;
40697;A565;01/10/2025;puzzle;;;;Faux;;Faux;Faux;0;1;;1;0;;
40699;A565;01/10/2025;puzzle;10/10/2025;;;Vrai;;Faux;Faux;0;1;;1;0;;
40703;A433;01/10/2025;875;;;;Faux;;Faux;Faux;0;1;;1;0;;
40705;A433;01/10/2025;1367;;;;Faux;;Faux;Faux;0;1;;1;0;;
40707;A433;01/10/2025;1437;;;;Faux;;Faux;Faux;0;1;;1;0;;
40709;A558;01/10/2025;667;17/10/2025;;;Vrai;;Faux;Faux;0;1;;1;0;;
40711;A558;01/10/2025;1005;17/10/2025;;;Vrai;;Faux;Faux;0;1;;1;0;;
40713;A558;01/10/2025;1334;17/10/2025;;;Vrai;;Faux;Faux;0;1;;1;0;;
40715;A558;01/10/2025;puzzle;17/10/2025;;;Vrai;;Faux;Faux;0;1;;1;0;;
40717;A558;01/10/2025;puzzle;17/10/2025;;;Vrai;;Faux;Faux;0;1;;1;0;;
40719;A558;01/10/2025;puzzle;17/10/2025;;;Vrai;;Faux;Faux;0;1;;1;0;;
40723;A429;01/10/2025;900;;;;Faux;;Faux;Faux;0;1;;1;0;;
40725;A429;01/10/2025;953;;;;Faux;;Faux;Faux;0;1;;1;0;;
40727;A429;01/10/2025;1403;;;;Faux;;Faux;Faux;0;1;;1;0;;
40729;A564;01/10/2025;1088;;;;Faux;;Faux;Faux;0;1;;1;0;;
40731;A564;01/10/2025;763;;;;Faux;;Faux;Faux;0;1;;1;0;;
40733;A564;01/10/2025;927;;;;Faux;;Faux;Faux;0;1;;1;0;;
40737;A577;01/10/2025;3;;;;Faux;;Faux;Faux;0;1;;1;0;;
40739;A577;01/10/2025;650;;;;Faux;;Faux;Faux;0;1;;1;0;;
40741;A577;01/10/2025;617;;;;Faux;;Faux;Faux;0;1;;1;0;;
40743;A579;01/10/2025;806;;;;Faux;;Faux;Faux;0;1;;1;0;;
40745;A579;01/10/2025;609;;;;Faux;;Faux;Faux;0;1;;1;0;;
40747;A579;01/10/2025;416;;;;Faux;;Faux;Faux;0;1;;1;0;;
40749;A449;01/10/2025;1177;;;;Faux;;Faux;Faux;0;1;;1;0;;
40751;A449;01/10/2025;1357;;;;Faux;;Faux;Faux;0;1;;1;0;;
40753;A449;01/10/2025;851;;;;Faux;;Faux;Faux;0;1;;1;0;;
40755;A578;01/10/2025;1414;;;;Faux;;Faux;Faux;0;1;;1;0;;
40757;A578;01/10/2025;608;;;;Faux;;Faux;Faux;0;1;;1;0;;
40759;A578;01/10/2025;puzzle;;;;Faux;;Faux;Faux;0;1;;1;0;;
40763;A537;01/10/2025;1043;;;;Faux;;Faux;Faux;0;1;;1;0;;
40765;A537;01/10/2025;1382;;;;Faux;;Faux;Faux;0;1;;1;0;;
40767;A537;01/10/2025;120;;;;Faux;;Faux;Faux;0;1;;1;0;;
40769;A537;01/10/2025;puzzle;;;;Faux;;Faux;Faux;0;1;;1;0;;
40771;A537;01/10/2025;puzzle;;;;Faux;;Faux;Faux;0;1;;1;0;;
40773;A435;01/10/2025;982;;;;Faux;;Faux;Faux;0;1;;1;0;;
40775;A435;01/10/2025;458;;;;Faux;;Faux;Faux;0;1;;1;0;;
40777;A435;01/10/2025;935;;;;Faux;;Faux;Faux;0;1;;1;0;;
40779;A404;01/10/2025;998;;;;Faux;;Faux;Faux;0;1;;1;0;;
40781;A404;01/10/2025;932;;;;Faux;;Faux;Faux;0;1;;1;0;;
40783;A404;01/10/2025;1129;;;;Faux;;Faux;Faux;0;1;;1;0;;
40785;A453;01/10/2025;666;08/10/2025;;;Vrai;;Faux;Faux;0;1;;1;0;;
40787;A453;01/10/2025;1418;08/10/2025;;;Vrai;;Faux;Faux;0;1;;1;0;;
40789;A453;01/10/2025;671;22/10/2025;;;Vrai;;Faux;Faux;0;1;;1;0;;
40791;A159;01/10/2025;701;17/10/2025;;;Vrai;;Faux;Faux;0;1;;1;0;;
40793;A159;01/10/2025;1137;17/10/2025;;;Vrai;;Faux;Faux;0;1;;1;0;;
40795;A234;01/10/2025;632;;;;Faux;;Faux;Vrai;14;1;;1;0;;
40797;A234;01/10/2025;863;15/10/2025;;;Vrai;;Faux;Faux;0;1;;1;0;;
40799;A234;01/10/2025;1365;15/10/2025;;;Vrai;;Faux;Faux;0;1;;1;0;;
40801;A568;01/10/2025;624;22/10/2025;;;Vrai;;Faux;Faux;0;1;;1;0;;
40803;A568;01/10/2025;217;22/10/2025;;;Vrai;;Faux;Faux;0;1;;1;0;;
40805;A568;01/10/2025;479;22/10/2025;;;Vrai;;Faux;Faux;0;1;;1;0;;
40807;A203;01/10/2025;1240;03/10/2025;;;Vrai;;Faux;Faux;0;1;;1;0;;
40809;A203;01/10/2025;722;03/10/2025;;;Vrai;;Faux;Faux;0;1;;1;0;;
40811;A193;01/10/2025;393;08/10/2025;;;Vrai;;Faux;Faux;0;1;;1;0;;
40813;A193;01/10/2025;1118;;;;Faux;;Faux;Faux;0;1;;1;0;;
40815;A580;01/10/2025;1378;08/10/2025;;;Vrai;;Faux;Faux;0;1;;1;0;;
40817;A580;01/10/2025;1267;08/10/2025;;;Vrai;;Faux;Faux;0;1;;1;0;;
40819;A580;01/10/2025;1208;22/10/2025;;;Vrai;;Faux;Faux;0;1;;1;0;;
40821;A307;01/10/2025;1220;;;;Faux;;Faux;Faux;0;1;;1;0;;
40823;A307;01/10/2025;705;;;;Faux;;Faux;Faux;0;1;;1;0;;
40825;A307;01/10/2025;1035;;;;Faux;;Faux;Faux;0;1;;1;0;;
40831;A203;03/10/2025;1010;22/10/2025;;;Vrai;;Faux;Faux;0;1;;1;0;;
40833;A203;03/10/2025;398;22/10/2025;;;Vrai;;Faux;Faux;0;1;;1;0;;
40835;A084;03/10/2025;1236;;;;Faux;;Faux;Faux;0;1;;1;0;;
40837;A084;03/10/2025;1389;;;;Faux;;Faux;Faux;0;1;;1;0;;
40843;A203;03/10/2025;862;03/10/2025;;;Vrai;;Faux;Faux;0;1;;1;0;;
40845;A203;03/10/2025;1417;22/10/2025;;;Vrai;;Faux;Faux;0;1;;1;0;;
40849;A262;03/10/2025;359;03/10/2025;;;Vrai;;Faux;Faux;0;1;;1;0;;
40851;A262;03/10/2025;35;;;;Faux;;Faux;Faux;0;1;;1;0;;
40853;A262;03/10/2025;641;;;;Faux;;Faux;Faux;0;1;;1;0;;
40855;A262;03/10/2025;954;;;;Faux;;Faux;Faux;0;1;;1;0;;
40859;A398;03/10/2025;952;;;;Faux;;Faux;Faux;0;1;;1;0;;
40861;A398;03/10/2025;1204;;;;Faux;;Faux;Faux;0;1;;1;0;;
40863;A398;03/10/2025;1259;;;;Faux;;Faux;Faux;0;1;;1;0;;
40865;A167;03/10/2025;756;;;;Faux;;Faux;Faux;0;1;;1;0;;
40867;A167;03/10/2025;925;;;;Faux;;Faux;Faux;0;1;;1;0;;
40869;A167;03/10/2025;616;;;;Faux;;Faux;Faux;0;1;;1;0;;
40871;A167;03/10/2025;puzzle;;;;Faux;;Faux;Faux;0;1;;1;0;;
40875;A566;03/10/2025;1040;15/10/2025;;;Vrai;;Faux;Faux;0;1;;1;0;;
40877;A566;03/10/2025;1409;15/10/2025;;;Vrai;;Faux;Faux;0;1;;1;0;;
40879;A566;03/10/2025;1021;;;;Faux;;Faux;Vrai;20;1;;1;0;;
40881;A534;03/10/2025;1359;;;;Faux;;Faux;Faux;0;1;;1;0;;
40883;A534;03/10/2025;210;;;;Faux;;Faux;Faux;0;1;;1;0;;
40885;A534;03/10/2025;1183;;;;Faux;;Faux;Faux;0;1;;1;0;;
40887;A380;03/10/2025;451;17/10/2025;;;Vrai;;Faux;Faux;0;1;;1;0;;
40889;A380;03/10/2025;469;17/10/2025;;;Vrai;;Faux;Faux;0;1;;1;0;;
40891;A576;03/10/2025;1020;15/10/2025;;;Vrai;;Faux;Faux;0;1;;1;0;;
40893;A576;03/10/2025;828;15/10/2025;;;Vrai;;Faux;Faux;0;1;;1;0;;
40895;A273;05/10/2025;413;;;;Faux;;Faux;Faux;0;1;;1;0;;
40897;A273;05/10/2025;844;22/10/2025;;;Vrai;;Faux;Faux;0;1;;1;0;;
40899;A273;05/10/2025;1065;;;;Faux;;Faux;Faux;0;1;;1;0;;
40901;A263;08/10/2025;944;;;;Faux;;Faux;Faux;0;1;;1;0;;
40903;A263;08/10/2025;1284;;;;Faux;;Faux;Faux;0;1;;1;0;;
40905;A263;08/10/2025;1386;;;;Faux;;Faux;Faux;0;1;;1;0;;
40907;A552;08/10/2025;1398;;;;Faux;;Faux;Faux;0;1;;1;0;;
40909;A552;08/10/2025;1080;;;;Faux;;Faux;Faux;0;1;;1;0;;
40911;A552;08/10/2025;1262;;;;Faux;;Faux;Faux;0;1;;1;0;;
40913;A552;08/10/2025;puzzle;;;;Faux;;Faux;Faux;0;1;;1;0;;
40915;A202;08/10/2025;652;;;;Faux;;Faux;Faux;0;1;;1;0;;
40917;A202;08/10/2025;1235;;;;Faux;;Faux;Faux;0;1;;1;0;;
40919;A202;08/10/2025;1323;;;;Faux;;Faux;Faux;0;1;;1;0;;
40921;A436;08/10/2025;puzzle;;;;Faux;;Faux;Faux;0;1;;1;0;;
40923;A436;08/10/2025;626;;;;Faux;;Faux;Faux;0;1;;1;0;;
40925;A436;08/10/2025;511;;;;Faux;;Faux;Faux;0;1;;1;0;;
40927;A436;08/10/2025;958;;;;Faux;;Faux;Faux;0;1;;1;0;;
40929;A560;08/10/2025;388;;;;Faux;;Faux;Faux;0;1;;1;0;;
40931;A560;08/10/2025;633;;;;Faux;;Faux;Faux;0;1;;1;0;;
40933;A560;08/10/2025;720;;;;Faux;;Faux;Faux;0;1;;1;0;;
40935;A527;08/10/2025;735;;;;Faux;;Faux;Faux;0;1;;1;0;;
40937;A527;08/10/2025;1181;;;;Faux;;Faux;Faux;0;1;;1;0;;
40939;A527;08/10/2025;563;;;;Faux;;Faux;Faux;0;1;;1;0;;
40941;A581;08/10/2025;421;;;;Faux;;Faux;Faux;0;1;;1;0;;
40943;A581;08/10/2025;902;;;;Faux;;Faux;Faux;0;1;;1;0;;
40945;A581;08/10/2025;211;;;;Faux;;Faux;Faux;0;1;;1;0;;
40947;A581;08/10/2025;puzzle;;;;Faux;;Faux;Faux;0;1;;1;0;;
40949;A518;08/10/2025;160;15/10/2025;;;Vrai;;Faux;Faux;0;1;;1;0;;
40951;A518;08/10/2025;263;15/10/2025;;;Vrai;;Faux;Faux;0;1;;1;0;;
40953;A518;08/10/2025;406;;;;Faux;;Faux;Faux;0;1;;1;0;;
40955;A544;08/10/2025;1443;;;;Faux;;Faux;Faux;0;1;;1;0;;
40957;A544;08/10/2025;1033;10/10/2025;;;Vrai;;Faux;Faux;0;1;;1;0;;
40959;A541;08/10/2025;620;;;;Faux;;Faux;Faux;0;1;;1;0;;
40961;A541;08/10/2025;822;;;;Faux;;Faux;Faux;0;1;;1;0;;
40963;A437;08/10/2025;849;;;;Faux;;Faux;Faux;0;1;;1;0;;
40965;A437;08/10/2025;1295;10/10/2025;;;Faux;;Faux;Faux;0;1;;1;0;;
40967;A437;08/10/2025;65;;;;Faux;;Faux;Faux;0;1;;1;0;;
40969;A400;08/10/2025;646;;;;Faux;;Faux;Faux;0;1;;1;0;;
40971;A400;08/10/2025;804;;;;Faux;;Faux;Faux;0;1;;1;0;;
40973;A400;08/10/2025;215;;;;Faux;;Faux;Faux;0;1;;1;0;;
40975;A467;08/10/2025;1052;;;;Faux;;Faux;Faux;0;1;;1;0;;
40977;A574;08/10/2025;373;17/10/2025;;;Vrai;;Faux;Faux;0;1;;1;0;;
40979;A574;08/10/2025;38;17/10/2025;;;Vrai;;Faux;Faux;0;1;;1;0;;
40981;A467;08/10/2025;723;;;;Faux;;Faux;Faux;0;1;;1;0;;
40983;A467;08/10/2025;1167;;;;Faux;;Faux;Faux;0;1;;1;0;;
40985;A297;08/10/2025;791;;;;Faux;;Faux;Faux;0;1;;1;0;;
40987;A297;08/10/2025;946;08/10/2025;;;Vrai;;Faux;Faux;0;1;;1;0;;
40989;A297;08/10/2025;258;;;;Faux;;Faux;Faux;0;1;;1;0;;
40991;A297;08/10/2025;846;;;;Faux;;Faux;Faux;0;1;;1;0;;
40993;A575;08/10/2025;809;17/10/2025;;;Vrai;;Faux;Faux;0;1;;1;0;;
40995;A575;08/10/2025;1363;17/10/2025;;;Vrai;;Faux;Faux;0;1;;1;0;;
40997;A575;08/10/2025;489;17/10/2025;;;Vrai;;Faux;Faux;0;1;;1;0;;
40999;A453;08/10/2025;1097;22/10/2025;;;Vrai;;Faux;Faux;0;1;;1;0;;
41001;A453;08/10/2025;999;22/10/2025;;;Vrai;;Faux;Faux;0;1;;1;0;;
41003;A453;08/10/2025;1059;22/10/2025;;;Vrai;;Faux;Faux;0;1;;1;0;;
41005;A580;08/10/2025;346;;;;Faux;;Faux;Vrai;7;1;;1;0;;
41007;A580;08/10/2025;1150;22/10/2025;;;Vrai;;Faux;Faux;0;1;;1;0;;
41009;A572;08/10/2025;593;;;;Faux;;Faux;Faux;0;1;;1;0;;
41011;A543;08/10/2025;296;;;;Faux;;Faux;Faux;0;1;;1;0;;
41013;A543;08/10/2025;1030;;;;Faux;;Faux;Faux;0;1;;1;0;;
41015;A425;10/10/2025;1387;17/10/2025;;;Vrai;;Faux;Faux;0;1;;1;0;;
41017;A425;10/10/2025;290;17/10/2025;;;Vrai;;Faux;Faux;0;1;;1;0;;
41019;A425;10/10/2025;513;17/10/2025;;;Vrai;;Faux;Faux;0;1;;1;0;;
41023;A544;10/10/2025;597;;;;Faux;;Faux;Faux;0;1;;1;0;;
41025;A544;10/10/2025;1096;;;;Faux;;Faux;Faux;0;1;;1;0;;
41029;A516;10/10/2025;1049;;;;Faux;;Faux;Faux;0;1;;1;0;;
41031;A516;10/10/2025;771;;;;Faux;;Faux;Faux;0;1;;1;0;;
41033;A516;10/10/2025;941;;;;Faux;;Faux;Faux;0;1;;1;0;;
41037;A313;10/10/2025;1416;;;;Faux;;Faux;Faux;0;1;;1;0;;
41039;A313;10/10/2025;924;;;;Faux;;Faux;Faux;0;1;;1;0;;
41043;A573;10/10/2025;603;;;;Faux;;Faux;Faux;0;1;;1;0;;
41045;A573;10/10/2025;70;17/10/2025;;;Vrai;;Faux;Faux;0;1;;1;0;;
41049;A164;10/10/2025;1294;;;;Faux;;Faux;Faux;0;1;;1;0;;
41051;A164;10/10/2025;1176;;;;Faux;;Faux;Faux;0;1;;1;0;;
41053;A164;10/10/2025;852;;;;Faux;;Faux;Faux;0;1;;1;0;;
41057;A565;10/10/2025;965;;;;Faux;;Faux;Faux;0;1;;1;0;;
41059;A196;10/10/2025;682;;;;Faux;;Faux;Faux;0;1;;1;0;;
41061;A196;10/10/2025;946;;;;Faux;;Faux;Faux;0;1;;1;0;;
41063;A196;10/10/2025;861;;;;Faux;;Faux;Faux;0;1;;1;0;;
41067;A497;10/10/2025;1351;17/10/2025;;;Vrai;;Faux;Faux;0;1;;1;0;;
41069;A497;10/10/2025;1439;17/10/2025;;;Vrai;;Faux;Faux;0;1;;1;0;;
41071;A497;10/10/2025;950;;;;Faux;;Faux;Faux;0;1;;1;0;;
41073;A457;10/10/2025;547;;;;Faux;;Faux;Faux;0;1;;1;0;;
41075;A457;10/10/2025;1145;;;;Faux;;Faux;Faux;0;1;;1;0;;
41077;A457;10/10/2025;1182;;;;Faux;;Faux;Faux;0;1;;1;0;;
41081;A285;10/10/2025;914;;;;Faux;;Faux;Faux;0;1;;1;0;;
41085;A285;10/10/2025;444;;;;Faux;;Faux;Faux;0;1;;1;0;;
41087;A285;10/10/2025;664;;;;Faux;;Faux;Faux;0;1;;1;0;;
41091;A484;10/10/2025;1243;;;;Faux;;Faux;Faux;0;1;;1;0;;
41093;A484;10/10/2025;184;;;;Faux;;Faux;Faux;0;1;;1;0;;
41095;A484;10/10/2025;980;15/10/2025;;;Vrai;;Faux;Faux;0;1;;1;0;;
41097;A072;10/10/2025;821;22/10/2025;;;Vrai;;Faux;Faux;0;1;;1;0;;
41099;A224;11/10/2025;1388;;;;Faux;;Faux;Faux;0;1;;1;0;;
41101;A582;11/10/2025;1103;17/10/2025;;;Vrai;;Faux;Faux;0;1;;1;0;;
41103;A582;;622;11/10/2025;;;Vrai;;Faux;Faux;0;1;;1;0;;
41105;A582;11/10/2025;842;17/10/2025;;;Vrai;;Faux;Faux;0;1;;1;0;;
41107;A582;11/10/2025;622;17/10/2025;;;Vrai;;Faux;Faux;0;1;;1;0;;
41109;A583;11/10/2025;494;17/10/2025;;;Vrai;;Faux;Faux;0;1;;1;0;;
41111;A583;11/10/2025;448;17/10/2025;;;Vrai;;Faux;Faux;0;1;;1;0;;
41113;A583;11/10/2025;1219;17/10/2025;;;Vrai;;Faux;Faux;0;1;;1;0;;
41117;A583;11/10/2025;puzzle;17/10/2025;;;Vrai;;Faux;Faux;0;1;;1;0;;
41121;A521;15/10/2025;1381;;;;Faux;;Faux;Faux;0;1;;1;0;;
41123;A521;15/10/2025;1069;;;;Faux;;Faux;Faux;0;1;;1;0;;
41125;A521;15/10/2025;784;;;;Faux;;Faux;Faux;0;1;;1;0;;
41127;A521;15/10/2025;puzzle;;;;Faux;;Faux;Faux;0;1;;1;0;;
41129;A521;15/10/2025;puzzle;;;;Faux;;Faux;Faux;0;1;;1;0;;
41133;A559;15/10/2025;658;;;;Faux;;Faux;Faux;0;1;;1;0;;
41135;A559;15/10/2025;910;;;;Faux;;Faux;Faux;0;1;;1;0;;
41137;A559;15/10/2025;1373;;;;Faux;;Faux;Faux;0;1;;1;0;;
41139;A559;15/10/2025;puzzle;;;;Faux;;Faux;Faux;0;1;;1;0;;
41141;A559;15/10/2025;puzzle;;;;Faux;;Faux;Faux;0;1;;1;0;;
41143;A514;15/10/2025;30;;;;Faux;;Faux;Faux;0;1;;1;0;;
41145;A514;15/10/2025;155;;;;Faux;;Faux;Faux;0;1;;1;0;;
41147;A514;15/10/2025;252;;;;Faux;;Faux;Faux;0;1;;1;0;;
41149;A514;15/10/2025;puzzle;;;;Faux;;Faux;Faux;0;1;;1;0;;
41151;A391;15/10/2025;267;;;;Faux;;Faux;Faux;0;1;;1;0;;
41153;A391;15/10/2025;1031;;;;Faux;;Faux;Faux;0;1;;1;0;;
41155;A391;15/10/2025;1131;;;;Faux;;Faux;Faux;0;1;;1;0;;
41157;A391;15/10/2025;puzzle;;;;Faux;;Faux;Faux;0;1;;1;0;;
41159;A391;15/10/2025;puzzle;;;;Faux;;Faux;Faux;0;1;;1;0;;
41161;A453;15/10/2025;puzzle;22/10/2025;;;Vrai;;Faux;Faux;0;1;;1;0;;
41163;A384;15/10/2025;315;;;;Faux;;Faux;Faux;0;1;;1;0;;
41165;A384;15/10/2025;1084;;;;Faux;;Faux;Faux;0;1;;1;0;;
41167;A384;15/10/2025;1180;;;;Faux;;Faux;Faux;0;1;;1;0;;
41169;A246;15/10/2025;430;;;;Faux;;Faux;Faux;0;1;;1;0;;
41171;A246;15/10/2025;1420;;;;Faux;;Faux;Faux;0;1;;1;0;;
41173;A246;15/10/2025;94;;;;Faux;;Faux;Faux;0;1;;1;0;;
41175;A484;15/10/2025;899;;;;Faux;;Faux;Faux;0;1;;1;0;;
41177;A461;15/10/2025;1178;;;;Faux;;Faux;Faux;0;1;;1;0;;
41179;A461;15/10/2025;425;;;;Faux;;Faux;Faux;0;1;;1;0;;
41181;A461;15/10/2025;879;;;;Faux;;Faux;Faux;0;1;;1;0;;
41183;A576;15/10/2025;1063;;;;Faux;;Faux;Faux;0;1;;1;0;;
41185;A576;15/10/2025;579;;;;Faux;;Faux;Faux;0;1;;1;0;;
41187;A576;15/10/2025;285;;;;Faux;;Faux;Faux;0;1;;1;0;;
41189;A518;15/10/2025;419;;;;Faux;;Faux;Faux;0;1;;1;0;;
41191;A518;15/10/2025;1120;;;;Faux;;Faux;Faux;0;1;;1;0;;
41193;A468;15/10/2025;719;;;;Faux;;Faux;Faux;0;1;;1;0;;
41195;A468;15/10/2025;1209;;;;Faux;;Faux;Faux;0;1;;1;0;;
41199;A428;15/10/2025;651;;;;Faux;;Faux;Faux;0;1;;1;0;;
41201;A428;15/10/2025;1421;;;;Faux;;Faux;Faux;0;1;;1;0;;
41203;A428;15/10/2025;1430;;;;Faux;;Faux;Faux;0;1;;1;0;;
41205;A234;15/10/2025;475;;;;Faux;;Faux;Faux;0;1;;1;0;;
41207;A234;15/10/2025;1305;;;;Faux;;Faux;Faux;0;1;;1;0;;
41211;A566;15/10/2025;755;;;;Faux;;Faux;Faux;0;1;;1;0;;
41213;A566;15/10/2025;355;;;;Faux;;Faux;Faux;0;1;;1;0;;
41215;A566;15/10/2025;puzzle;;;;Faux;;Faux;Faux;0;1;;1;0;;
41217;A485;15/10/2025;528;;;;Faux;;Faux;Faux;0;1;;1;0;;
41219;A485;15/10/2025;466;;;;Faux;;Faux;Faux;0;1;;1;0;;
41221;A485;15/10/2025;puzzle;;;;Faux;;Faux;Faux;0;1;;1;0;;
41223;A485;15/10/2025;73;;;;Faux;;Faux;Faux;0;1;;1;0;;
41225;A584;15/10/2025;1011;;;;Faux;;Faux;Faux;0;1;;1;0;;
41227;A584;15/10/2025;793;;;;Faux;;Faux;Faux;0;1;;1;0;;
41229;A584;15/10/2025;1251;;;;Faux;;Faux;Faux;0;1;;1;0;;
41231;A585;15/10/2025;1312;;;;Faux;;Faux;Faux;0;1;;1;0;;
41233;A585;15/10/2025;520;;;;Faux;;Faux;Faux;0;1;;1;0;;
41235;A585;15/10/2025;721;;;;Faux;;Faux;Faux;0;1;;1;0;;
41237;A539;15/10/2025;97;;;;Faux;;Faux;Faux;0;1;;1;0;;
41239;A539;15/10/2025;1201;;;;Faux;;Faux;Faux;0;1;;1;0;;
41247;A575;17/10/2025;1369;;;;Faux;;Faux;Faux;0;1;;1;0;;
41249;A575;17/10/2025;572;;;;Faux;;Faux;Faux;0;1;;1;0;;
41251;A575;17/10/2025;1392;;;;Faux;;Faux;Faux;0;1;;1;0;;
41253;A159;17/10/2025;1060;;;;Faux;;Faux;Faux;0;1;;1;0;;
41255;A159;17/10/2025;595;17/10/2025;;;Vrai;;Faux;Faux;0;1;;1;0;;
41257;A159;17/10/2025;786;;;;Faux;;Faux;Faux;0;1;;1;0;;
41259;A425;17/10/2025;482;;;;Faux;;Faux;Faux;0;1;;1;0;;
41261;A425;17/10/2025;809;;;;Faux;;Faux;Faux;0;1;;1;0;;
41263;A425;17/10/2025;259;;;;Faux;;Faux;Faux;0;1;;1;0;;
41265;A558;17/10/2025;747;;;;Faux;;Faux;Faux;0;1;;1;0;;
41267;A558;17/10/2025;922;;;;Faux;;Faux;Faux;0;1;;1;0;;
41269;A558;17/10/2025;1325;;;;Faux;;Faux;Faux;0;1;;1;0;;
41271;A558;17/10/2025;puzzle;;;;Faux;;Faux;Faux;0;1;;1;0;;
41273;A583;17/10/2025;puzzle;;;;Faux;;Faux;Faux;0;1;;1;0;;
41275;A583;17/10/2025;puzzle;;;;Faux;;Faux;Faux;0;1;;1;0;;
41277;A583;17/10/2025;385;;;;Faux;;Faux;Faux;0;1;;1;0;;
41279;A583;17/10/2025;667;;;;Faux;;Faux;Faux;0;1;;1;0;;
41281;A583;17/10/2025;263;;;;Faux;;Faux;Faux;0;1;;1;0;;
41283;A504;17/10/2025;puzzle;;;;Faux;;Faux;Faux;0;1;;1;0;;
41285;A504;17/10/2025;puzzle;;;;Faux;;Faux;Faux;0;1;;1;0;;
41287;A504;17/10/2025;1264;;;;Faux;;Faux;Faux;0;1;;1;0;;
41289;A504;17/10/2025;836;;;;Faux;;Faux;Faux;0;1;;1;0;;
41291;A504;17/10/2025;1009;;;;Faux;;Faux;Faux;0;1;;1;0;;
41293;A520;17/10/2025;1408;;;;Faux;;Faux;Faux;0;1;;1;0;;
41295;A520;17/10/2025;377;;;;Faux;;Faux;Faux;0;1;;1;0;;
41297;A520;17/10/2025;puzzle;;;;Faux;;Faux;Faux;0;1;;1;0;;
41299;A427;17/10/2025;puzzle;;;;Faux;;Faux;Faux;0;1;;1;0;;
41301;A427;17/10/2025;1066;;;;Faux;;Faux;Faux;0;1;;1;0;;
41303;A427;17/10/2025;516;;;;Faux;;Faux;Faux;0;1;;1;0;;
41305;A427;17/10/2025;868;;;;Faux;;Faux;Faux;0;1;;1;0;;
41307;A532;17/10/2025;448;;;;Faux;;Faux;Faux;0;1;;1;0;;
41309;A532;17/10/2025;1429;;;;Faux;;Faux;Faux;0;1;;1;0;;
41311;A532;17/10/2025;586;;;;Faux;;Faux;Faux;0;1;;1;0;;
41317;A390;17/10/2025;1218;;;;Faux;;Faux;Faux;0;1;;1;0;;
41319;A390;17/10/2025;969;;;;Faux;;Faux;Faux;0;1;;1;0;;
41321;A582;17/10/2025;1032;;;;Faux;;Faux;Faux;0;1;;1;0;;
41323;A582;17/10/2025;1307;;;;Faux;;Faux;Faux;0;1;;1;0;;
41325;A582;17/10/2025;1395;;;;Faux;;Faux;Faux;0;1;;1;0;;
41327;A497;17/10/2025;9;22/10/2025;;;Vrai;;Faux;Faux;0;1;;1;0;;
41329;A497;17/10/2025;1198;;;;Faux;;Faux;Faux;0;1;;1;0;;
41331;A380;17/10/2025;454;22/10/2025;;;Vrai;;Faux;Faux;0;1;;1;0;;
41333;A380;17/10/2025;1033;22/10/2025;;;Vrai;;Faux;Faux;0;1;;1;0;;
41335;A380;17/10/2025;827;;;;Faux;;Faux;Faux;0;1;;1;0;;
41337;A574;17/10/2025;389;;;;Faux;;Faux;Faux;0;1;;1;0;;
41339;A574;17/10/2025;545;;;;Faux;;Faux;Faux;0;1;;1;0;;
41341;A574;17/10/2025;1391;;;;Faux;;Faux;Faux;0;1;;1;0;;
41343;A573;17/10/2025;807;;;;Faux;;Faux;Faux;0;1;;1;0;;
41345;A573;17/10/2025;631;;;;Faux;;Faux;Faux;0;1;;1;0;;
41347;A159;17/10/2025;1192;;;;Faux;;Faux;Faux;0;1;;1;0;;
41349;A203;22/10/2025;1442;;;;Faux;;Faux;Faux;0;1;;1;0;;
41351;A203;22/10/2025;401;;;;Faux;;Faux;Faux;0;1;;1;0;;
41353;A203;22/10/2025;76;;;;Faux;;Faux;Faux;0;1;;1;0;;
41355;A380;22/10/2025;701;;;;Faux;;Faux;Faux;0;1;;1;0;;
41357;A380;22/10/2025;591;;;;Faux;;Faux;Faux;0;1;;1;0;;
41359;A497;22/10/2025;912;22/10/2025;;;Vrai;;Faux;Faux;0;1;;1;0;;
41361;A580;22/10/2025;1002;;;;Faux;;Faux;Faux;0;1;;1;0;;
41363;A580;22/10/2025;294;;;;Faux;;Faux;Faux;0;1;;1;0;;
41365;A497;22/10/2025;1356;;;;Faux;;Faux;Faux;0;1;;1;0;;
41367;A561;22/10/2025;702;;;;Faux;;Faux;Faux;0;1;;1;0;;
41371;A273;22/10/2025;580;;;;Faux;;Faux;Faux;0;1;;1;0;;
41373;A453;22/10/2025;1023;;;;Faux;;Faux;Faux;0;1;;1;0;;
41375;A453;;599;;;;Faux;;Faux;Faux;0;1;;1;0;;
41377;A453;22/10/2025;1166;;;;Faux;;Faux;Faux;0;1;;1;0;;
41379;A453;22/10/2025;puzzle;;;;Faux;;Faux;Faux;0;1;;1;0;;
